<monitor>
        <name>ApicaMonitor</name>
        <type>managed</type>
        <description>Reports check metrics from Apica API </description>
        <monitor-configuration></monitor-configuration>
        <monitor-run-task>
                <execution-style>periodic</execution-style>
				<!--<execution-style>periodic</execution-style>-->
				<execution-frequency-in-seconds>60</execution-frequency-in-seconds>
                <name>Apica Monitor Run Task</name>
                <display-name>Apica Monitor Task</display-name>
                <description>Apica Monitor Task</description>
                <type>java</type>
                <java-task>
                        <classpath>ApicaMonitor.jar;lib/json-simple-1.1.1.jar;lib/commons-codec-1.6.jar;lib/commons-logging-1.1.1.jar;lib/fluent-hc-4.2.5.jar;lib/httpclient-4.2.5.jar;lib/httpclient-cache-4.2.5.jar;lib/httpcore-4.2.4.jar;lib/httpmime-4.2.5.jar;lib/commons-io-2.4.jar</classpath>
                        <impl-class>apicamonitor.ApicaMonitor</impl-class>
                </java-task>
                <task-arguments>
                		<!-- 
                     		AuthTicket: You will find this value from API section of the Apica Synthetic Monitoring suite.
							BaseApiUrl: This is the URL to the API. Should end with a slash.
                		-->
                        <argument name="AuthTicket" is-required="true" default-value="{replace this with apica api auth_ticket uuid}"/>
						<!-- Do not change manually unless you have on-prem installation -->
                        <argument name="BaseApiUrl" is-required="true" default-value="http://api-wpm.apicasystem.com/v3"/>
                        
                        <!-- CONFIGURE METRIC PATH
                     		You can change the metric path where to store the checks and their values under.
							The default is: Custom Metrics|Apica
                		-->
                        <argument name="Metric-Path" is-required="false" default-value="Custom Metrics|Apica"/>
                </task-arguments>
        </monitor-run-task>
</monitor>
